istaigos_kodas;ataskaitinio_laikotarpio_pradzia;ataskaitinio_laikotarpio_pabaiga;gydytojo_id;prisirasiusiu_gyventoju_sk;darbo_valandu_kiekis;iraso_sukurimo_data
300520299;2026-07-01;2026-09-30;10000000;754;216;2026-10-05 03:10:53
300520299;2026-07-01;2026-09-30;10000002;1780;607;2026-10-05 03:10:53
300520299;2026-07-01;2026-09-30;10000003;355;100;2026-10-05 03:10:53
300520299;2026-07-01;2026-09-30;10000004;1326;380;2026-10-05 03:10:53
300520299;2026-07-01;2026-09-30;10000007;1208;286;2026-10-05 03:10:53
300520299;2026-07-01;2026-09-30;10000008;1468;310;2026-10-05 03:10:53
300520299;2026-07-01;2026-09-30;10000009;1068;469;2026-10-05 03:10:53
300520299;2026-07-01;2026-09-30;10001173;155;86;2026-10-05 03:10:53
300520299;2026-07-01;2026-09-30;10001208;51;54;2026-10-05 03:10:53
300520299;2026-07-01;2026-09-30;10001223;305;102;2026-10-05 03:10:53
300520299;2026-07-01;2026-09-30;10001267;1207;426;2026-10-05 03:10:53
