istaigos_kodas;data;gydytojo_ID;pirminiu_vizitu_trukme_sveikatos_istaigoje_minutemis;priimtu_pacientu_pirminiams_vizitam_skaicius;pirminiu_ir_antriniu_vizitu_trukme_minutemis;viso_priimtu_pacientu_skaicius;darbo_laikas_nuo;darbo_laikas_iki;iraso_sukurimo_data
300520299;2026-10-01;10000000;300;20;435;30;07:00;15:00;2026-10-02 03:00:37
300520299;2026-10-01;10000002;315;21;465;34;10:00;20:00;2026-10-02 03:00:37
300520299;2026-10-01;10000004;225;15;303;21;07:00;14:30;2026-10-02 03:00:37
300520299;2026-10-01;10000007;315;21;450;30;07:00;15:00;2026-10-02 03:00:37
300520299;2026-10-01;10000008;270;19;395;31;12:00;20:00;2026-10-02 03:00:37
300520299;2026-10-01;10000009;240;16;275;19;11:55;19:45;2026-10-02 03:00:37
300520299;2026-10-01;10001173;0;0;0;1;;;2026-10-02 03:00:37
300520299;2026-10-01;10001208;15;1;30;2;08:15;12:00;2026-10-02 03:00:37
300520299;2026-10-01;10001267;300;20;405;27;07:00;15:00;2026-10-02 03:00:37
